name,email,source,checked
Andrew Myers,an.myers@northeastern.edu,https://coe.northeastern.edu/people/myers-andrew/,2026-10-02
Aubrey Foulk,,,2026-10-02
Bishwarup Sarkar,,,2026-10-02
Bryan D. James,b.james@northeastern.edu,https://coe.northeastern.edu/people/james-bryan/,2026-10-02
Camille A. Rumberger,rumberger.c@northeastern.edu,https://orcid.org/0009-0005-2235-789X,2026-10-02
Dake Xu,,,2026-10-02
Dalton Kei Sasaki,d.sasaki@northeastern.edu,https://coe.northeastern.edu/people/sasaki-dalton-kei/,2026-10-02
Damilola Daramola,o.daramola@northeastern.edu,https://coe.northeastern.edu/people/daramola-damilola/,2026-10-02
Daniel Schuch,,,2026-10-02
Derrick S. Maxwell,maxwell.d@northeastern.edu,https://coe.northeastern.edu/people/maxwell-derrick/,2026-10-02
Dipa Desai,,,2026-10-02
Dongchuan You,,,2026-10-02
Fuhui Wang,,,2026-10-02
Hamed Mohebbi-Kalkhoran,,,2026-10-02
Hannah J. Appiah-Madson,,,2026-10-02
Hanqing Liu,,,2026-10-02
Huidong Dai,,,2026-10-02
Jason Guo,,,2026-10-02
Jiwei Wang,,,2026-10-02
Junho Lee,,,2026-10-02
Kalaina Thorne,,,2026-10-02
Katherine Jeanne Vilardi,,,2026-10-02
Kristin B. Raub,,,2026-10-02
Ling Zhu,l.zhu@northeastern.edu,https://coe.northeastern.edu/people/zhu-ling/,2026-10-02
Lixin Zhu,,,2026-10-02
Louise P. Cameron,,,2026-10-02
Mansour Toorani,,,2026-10-02
Max K. Radermacher,radermacher.m@northeastern.edu,https://coe.northeastern.edu/people/radermacher-max/,2026-10-02
Miso Kim,,,2026-10-02
Mohsin Khan,,,2026-10-02
Purnima R. Makris,,,2026-10-02
Qiang Sun,,,2026-10-02
Qingying Jia,,,2026-10-02
Randall Hughes,rhughes@northeastern.edu,https://coe.northeastern.edu/people/hughes-randall/,2026-10-02
Sai Geetha Seri,seri.s@northeastern.edu,https://coe.northeastern.edu/people/seri-sai-geetha/,2026-10-02
Sana Heydarian,heydarian.s@northeastern.edu,https://orcid.org/0000-0001-5289-0736,2026-10-02
Savannah H. Swinea,,,2026-10-02
Shaohua Luo,,,2026-10-02
Tao Yu,,,2026-10-02
Tongtai Ji,ji.to@northeastern.edu,https://orcid.org/0000-0003-2106-6861,2026-10-02
Xin Liu,,,2026-10-02
Xin-Yue Zhang,,,2026-10-02
Xinrui Xiang,xiang.xinr@northeastern.edu,https://coe.northeastern.edu/people/xiang-xinrui/,2026-10-02
Xuanwen Liu,,,2026-10-02
Xuguang Zhang,zhang.xug@northeastern.edu,https://coe.northeastern.edu/people/zhang-xuguang/,2026-10-02
Ying Wang,wang.ying8@northeastern.edu,https://coe.northeastern.edu/people/wang-ying/,2026-10-02
Yongqiang Fan,,,2026-10-02
Yu Zhang,,,2026-10-02
Zhi Wang,,,2026-10-02
Zhong Li,,,2026-10-02
