code,title,confidence,description
ENVR 3410,Environmental Geochemistry,1.0,"Offers students who wish to work in the geosciences or environmental science and engineering fields, including on the land, in freshwater, or the oceans, an opportunity to understand the geochemical principles that shape the natural and managed environment. Seeks to provide a context for understanding the natural elemental cycles and environmental problems through studies in atmospheric, terrestrial, freshwater, and marine geochemistry. Topics include fundamental geochemical principles; environmental mineralogy; organic and isotope geochemistry; the global carbon, nitrogen, and phosphorous cycles; atmospheric pollution; environmental photochemistry; and human-natural climate change feedbacks."
APL 6410,International Logistics and Sustainable Practices,0.99,"Integrates the global complexities of international logistics with sustainability and reverse logistics considerations. Topics include macro-environmental factors, trade theories, regulations, customs clearances, and financial concerns. Explores reverse logistics and sustainable practices topics, including strategy development, profitability, social responsibility, and sustainable supply chain management."
HSCI 5255,Tools and Techniques of Environmental Health,0.99,"Introduces basic concepts of environmental health sciences, methods used to study the interface of health and the environment, the health impacts of various environmental processes and exposures, and public health approaches to controlling or eliminating environmental health risks. Covers basic environmental health principles, such as exposure assessment, environmental toxicology, environmental epidemiology, and risk assessment. Also covers specific environmental health issues including toxic exposures from chemicals used in plastics, food production, and everyday household products; water and air pollution; climate change; and other environmental drivers of disease."
PPUA 5268,International Environmental Policy,0.99,"Explores key environmental challenges and policy solutions from an international perspective. Emphasizes the complexity of human-natural systems for policy design, provides a history of international environmental politics, and discusses contemporary policy issues. Presents key paradigms for understanding environmental challenges and the analytical tools to look critically at important debates, understand the role of different actors, identify equity and justice considerations, and assess policy options from multiple perspectives. Focuses on global environmental governance and sustainable development diplomacy, natural resource management, and climate change policy. Addresses the role of science in policymaking, tensions between environment and development, the scale and complexity of international environmental governance, and equity and justice."
STRT 3301,"Multinational Corporations and Global Sustainability: Complexities, Strategies, and Societal Impact",0.99,"Explores the role of multinational corporations and their leaders in addressing key sustainability challenges including climate change, wealth inequality, and human rights concerns. Examines how multinationals, with their vast resources and global influence, are uniquely positioned to address global sustainability issues through management practices and actionable strategies. Investigates how national rules, norms, and cultural beliefs shape the responses of multinationals and influence their ability to drive positive change in society."
SUST 1200,Climate Science and Policy in California,0.99,"Introduces the physical science for understanding climate change including Earth’s radiative energy balance; atmospheric and oceanic processes; the carbon cycle and greenhouse gases; and climate feedbacks, variability, and tipping points. Examines current and future climate change impacts and policy in California. Considers sustainable nature-based, societal, and economic solutions developed in and applied by California that may serve as models for other states and regions."
SUST 2820,"Climate Change, Health, and Resilience",0.99,"Examines how human behavior contributes to both climate change and chronic disease and how climate change exacerbates poor health trends and inequities, creating new health risks in the United States and around the globe. Considers the health impacts of environmental changes, such as changing temperatures, extreme events, and scarcity of resources. Presents strategies for building resilience and considers steps to adapt to and mitigate climate change that mutually enhance the health of individuals, communities, and the environment."
BUSN 6463,Social Impact of Business,0.98,"Explores how business practices affect society and how society affects business practices. Addresses topics such as social impact investing, sustainable supply chains, corporate social responsibility, social entrepreneurship, and global perspectives on corporate citizenship. Business and society have never been more intertwined. Executives are increasingly called upon to consider the larger societal impacts of their decisions and at the same time find themselves subject to demands from multiple societal stakeholders that include customers, suppliers, employees, governments, and interest groups, among others."
EEMB 2610,Plant Biology,0.98,"Examines the biology and diversity of plants and plantlike organisms. Covers introduction to plant biology, anatomy and structure, physiology and development, evolution and classification, and ecology of plants. Emphasizes how global climate change affects the biology and ecology of plants in different ecosystems and biomes."
BUSN 6203,Strategic Sustainability,0.97,"Introduces tools and frameworks for analyzing a firm’s sustainability and facilitating its strategic sustainability transformation. Examines what strategic sustainability is and why it is important; the drivers of strategic sustainability; measurement of strategic sustainability; and implementation of environmental, social, and governance strategic sustainability. Studies the three dimensions (environmental, social, and governance) of strategic sustainability and the use of concepts and frameworks for assessing strategic sustainability. Offers students an opportunity to analyze and provide recommendations on how to implement a firm’s strategic sustainability."
CHEM 2326,Introduction to Green Chemistry and Toxicology,0.97,"Focuses on how chemistry can help us address global environmental issues of pollution, sustainable molecular design, and reimagining the chemical enterprise through the lenses of the 12 principles of green chemistry, sustainability, and introductory toxicology. Discussions link foundational principles such as physical and chemical properties of molecules, organic nomenclature, functionality, and polymerization processes. Relates topics to principles of toxicology, bioaccumulation, pollution from industrial practices, and how green chemistry applies to environmental and human health issues and proposed solutions."
ENVR 5550,"Climate Modeling, Adaptation, and Policy",0.97,"Examines the physical, biological, and chemical basis of climate change and provides context on how different components of the Earth system interact, with a focus on the carbon cycle. Provides opportunities for students to create simple climate models and build on this knowledge by analyzing the frameworks and models used by the Intergovernmental Panel on Climate Change to inform policymakers. Presents a holistic view of climate mitigation and adaptation strategies by discussing tools and concepts including integrated assessment models, model-data comparisons, and methods to evaluate the social cost of carbon."
INMI 1200,Introduction to Global Urban Studies,0.97,"Introduces the social, cultural, economic, and political forces that shape urban environments. Explores how deindustrialization, privatization, urban planning, and globalization have influenced the economic, social, cultural, and political development of cities in the United States and globally. Analyzes urbanization in light of critical issues such as race, urban decline, globalization, and immigration. Addresses contemporary debates on gentrification, sustainability, environmental policy, and the role of data in shaping ""smart cities.”."
PSYC 3540,Environmental Psychology,0.97,"Incorporates themes from cognitive psychology and environmental science to examine how people understand the environment and their place in it and how this understanding varies with culture, informal experience, and formal education. Examines relations between environmental cognition, environmental attitudes, values and norms, and sustainable behavior."
HUSV 2401,Food Justice and Community Development,0.96,"Uncovers and examines the key dilemmas of the food system in the United States today using readings, media, discussion, service-learning, and field trips. Working from the foundations of environmental justice and community development, covers production, access, distribution, and key stakeholders from producers to retailers, workers, and consumers. Considers what justice-related issues face stakeholders within the food system in the United States; what policies have most impacted the workforce in the American food system; and what the opportunities and leverage points are for change in improving justice outcomes in this system."
INNO 6252,Business Opportunities in Sustainable Smart City Initiatives,0.96,"Explores technology's role in addressing urban sustainability. Examines the impact of technology, designing profitable smart city projects, and key factors influencing corporate involvement in these initiatives. Studies the navigation of public sector processes for mutual benefit. Topics include smart traffic, safety, housing, the environment, education, healthcare, economic development, and tourism."
INNO 6413,Corporate Innovation for Impact,0.96,"Presents how corporations and large organizations can drive positive social and environmental impact. Exposes students to corporate social responsibility, B-Corp certification, and the business sustainability landscape. Offers students an opportunity to evaluate a corporation’s existing business practices and use innovative principles and practices to design alternatives that minimize negative externalities and maximize social and environmental impact. Explores how to develop an impact report card, theory of change, and impact narrative for a corporation interested in improving its social and environmental impact."
SUST 2550,Sustainability in the Beauty Industry,0.96,"Offers an interdisciplinary introduction to sustainability within the beauty industry. Examines challenges and opportunities in creating and marketing products that are environmentally responsible, ethical, and socially conscious. Explores scientific principles underlying sustainable formulation, the environmental impact of ingredients and packaging, and the social implications of beauty industry practices. Emphasizes systems thinking and ethical reasoning as students analyze how scientific innovation, environmental stewardship, and social responsibility can converge to transform traditional beauty industry paradigms."
SUST 2725,Building a Sustainable Democracy,0.96,"Investigates whether and how societies can build democratic systems capable of sustaining themselves, and evaluates whether those systems can effectively advance economic, social, and environmental sustainability. Applies values thinking, systems thinking, and futures thinking tools to assess the ethical and practical value of democracy, develop criteria for evaluating political systems, analyze how institutions and power structures shape democratic performance, and imagine alternative models that better equip societies to meet long-term challenges. Applies these insights to propose evidence-based reforms that support sustainable governance and a sustainable planet."
SUST 3654,Fire Ecology,0.96,"Introduces students to the ecology of fire, one of the most common and important disturbance events in terrestrial ecosystems. Examines how fire affects individual plants and animals (e.g., physiology, growth, reproduction, etc.), populations, ecological communities, ecosystem processes (e.g., nutrient and hydrologic cycling), and how the interplay between the abiotic and biotic worlds shape fire regimes. Explores how humans interact with fire, including European-American fire suppression and indigenous use of fire. Discusses how (prescribed) fire is used in restoration and ecosystem management and how climate change alters our ability to use this tool."
HIST 3400,The Making of the Modern City,0.95,"Combines urban history, spatial history, environmental history, and cultural history. Focuses on cities and their inhabitants from the 18th century to the present. Covers topics such as modernization debates, globalization, national capitals and nation-states, women in the city and gendered uses of urban space, contested cities, cities at war, the city and its natural environment, and some of the main challenges facing cities today. Larger themes include urban design and ideology; resistance, rebellions, and social movements in the city; exclusion and inclusion and spatial segregation; violence and the city; the production and contestation of urban heritage; and the production of space."
LDR 6426,Developing Sustainable Global Leadership,0.95,"Explores continually emerging global trends as they impact organizations of today and in the future. Examines best-in-class organizations’ motivations to more fully appreciate the backgrounds, cultures, experiences, viewpoints, styles, and contributions of all workforce members. Offers students an opportunity to reflect on leadership from key ethical, legal, policy, business, political, and societal frameworks. In a global economy, leaders of best-in-class organizations understand that creating an inclusive work environment is essential for continued competitive advantage. The world’s diversity coupled with technological advancements demand effective collaboration among employees from countries with different cultures, beliefs, and backgrounds."
SOCL 3200,Cities in a Global Context,0.95,"Examines the roots of the urbanization process, major ways of thinking about it, and the development of world cities and megacities. The twenty-first century will be a century in which urbanism is a central problem and opportunity. Considers the economic, political, cultural, and environmental dimensions of urbanism across the globe. Includes specific case studies from around the world. Encourages students to develop a knowledge of particular cities in order to examine the key themes of the course. INTL 3200 , ANTH 3200 , and SOCL 3200 are cross-listed."
AFCS 2355,"Race, Identity, Social Change, and Empowerment",0.94,"Examines racism, racial identity, and theories of social change and racial empowerment primarily within the U.S. context. Highlights different ways in which racism and racial privilege have been experienced by different racial communities, more specifically at the micro-, meso-, and macro-levels. Offers students an opportunity to learn ways to promote racial empowerment and equity. Using theory from primarily psychology and sociology, the course investigates the impact of social systems and institutions on individual-level and group experiences of racism. Investigates students’ own racial identities, a deeper understanding of institutional inequalities and intersectionality, and practical skills in leadership and community building that can promote positive social change and racial equality."
CIVE 5670,Global Biogeochemistry,0.94,"Examines the biological, chemical, and physical interactions that shape our global environment. These interactions combine in the global biogeochemical cycles. Industrial emission of gases, use of fertilizers and plastics, and the expansion of cities are altering the biogeochemical cycling of the elements carbon, nitrogen, and phosphorus at rates unprecedented in the geological record. Uses lectures and the latest update to Chapter 6, “Carbon and Other Biogeochemical Cycles,” of the International Panel on Climate Change report to explore the main interactions between human activity, biogeochemical change, and climate. Discusses primary literature to delve deeper into these interactions."
EDU 6105,Introduction to Social Justice,0.94,"Introduces the concepts of social justice, especially as they relate to access to education. Explores educational institutions as systems and questions how individuals can be agents of change in teaching, learning, curriculum, and administration. Offers students an opportunity to engage in reflective discussion and begin to explore their own feelings and experiences with social justice and development of cultural intelligence to prepare them to influence and advocate for systemic change."
ENVR 5670,Global Biogeochemistry,0.94,"Examines the biological, chemical, and physical interactions that shape our global environment. These interactions combine in the global biogeochemical cycles. Industrial emission of gases, use of fertilizers and plastics, and the expansion of cities are altering the biogeochemical cycling of the elements carbon, nitrogen, and phosphorus at rates unprecedented in the geological record. Uses lectures and the latest update to Chapter 6, “Carbon and Other Biogeochemical Cycles,” of the International Panel on Climate Change report to explore the main interactions between human activity, biogeochemical change, and climate. Discusses primary literature to delve deeper into these interactions."
HUSV 2355,"Race, Identity, Social Change, and Empowerment",0.94,"Examines racism, racial identity, and theories of social change and racial empowerment primarily within the U.S. context. Highlights different ways in which racism and racial privilege have been experienced by different racial communities, more specifically at the micro-, meso-, and macro-levels. Offers students an opportunity to learn ways to promote racial empowerment and equity. Using theory from primarily psychology and sociology, the course investigates the impact of social systems and institutions on individual-level and group experiences of racism. Investigates students’ own racial identities, a deeper understanding of institutional inequalities and intersectionality, and practical skills in leadership and community building that can promote positive social change and racial equality."
MGMT 6425,Sustainability and Leadership,0.94,"Examines how organizational leaders influence decisions to advance an environmental agenda. Studies the scientific knowledge that organizational leaders must have to make effective sustainability decisions. Analyzes how a variety of organizations─including businesses, governments, government-sponsored enterprises, and nongovernment organizations─interact on environmental issues."
POLS 3100,"Gender, Social Justice, and Transnational Activism",0.94,"Introduces key issues, themes, and debates in feminist transnational theory, practice, and activism in contemporary contexts and how it has changed under socioeconomic, political, and cultural processes of globalization. Examines differences among women relating to race, class, sexuality, national identity, and political economy in reckoning with possibilities for sustainable social justice. Students interrogate the relationship between the local and global; the production of knowledge in different regional spaces; the pragmatics of political mobilization; the varying contours of “social justice”; and other key issues. Offers students an opportunity to discuss the impact of globalization, neoliberalism, and state and intimate violence on gendered politics and relations and to contend with the politics of difference, to debate its challenges, and to imagine possible futures for transnational gender justice."
SUST 1100,Problem Solving for a Sustainable Future,0.94,"Presents a skills-based, interdisciplinary introduction to sustainable problem solving. Explores foundational problem-solving competencies and applies them to real-world case studies that investigate the interconnectedness of social, economic, and environmental systems. Studies how to analyze complex problems and propose actionable solutions that promote resilience, well-being, justice, and balance across communities, institutions, and ecosystems."
WMNS 3100,"Gender, Social Justice, and Transnational Activism",0.94,"Introduces key issues, themes, and debates in feminist transnational theory, practice, and activism in contemporary contexts and how it has changed under socioeconomic, political, and cultural processes of globalization. Examines differences among women relating to race, class, sexuality, national identity, and political economy in reckoning with possibilities for sustainable social justice. Students interrogate the relationship between the local and global; the production of knowledge in different regional spaces; the pragmatics of political mobilization; the varying contours of “social justice”; and other key issues. Offers students an opportunity to discuss the impact of globalization, neoliberalism, and state and intimate violence on gendered politics and relations and to contend with the politics of difference, to debate its challenges, and to imagine possible futures for transnational gender justice."
AFCS 1270,Introduction to Global Health,0.93,"Introduces global health in the context of an interdependent and globalized world focusing on four main areas of analysis: infrastructure of global health; diseases; populations; and terms, concepts, and theories. While the focus is on lower-income countries, the course examines issues in a broader global context, underscoring the interconnections between global health disparities and global health policy response. Applies case studies describing interventions to improve healthcare in resource-poor settings in sub-Saharan Africa and elsewhere to help illuminate the actors, diseases, populations, and principles and frameworks for the design of effective global health interventions."
PHTH 1270,Introduction to Global Health,0.93,"Introduces global health in the context of an interdependent and globalized world focusing on four main areas of analysis: infrastructure of global health; diseases; populations; and terms, concepts, and theories. While the focus is on lower-income countries, the course examines issues in a broader global context, underscoring the interconnections between global health disparities and global health policy response. Applies case studies describing interventions to improve healthcare in resource-poor settings in sub-Saharan Africa and elsewhere to help illuminate the actors, diseases, populations, and principles and frameworks for the design of effective global health interventions. AFRS 1270 and PHTH 1270 are cross-listed."
PPUA 7346,Resilient Cities,0.93,"Examines the characteristics of resilient cities, especially those located in coastal regions. Investigates the capacity of cities to respond to major disruptions to their social and ecological systems. Includes extensive use of case studies, such as the 2004 Indian Ocean tsunami and Hurricane Katrina in 2005, as well as readings on cities and social systems. Offers students an opportunity to analyze an urban area and provide recommendations for improving its resilience. POLS 7346 and PPUA 7346 are cross-listed."
STRT 6424,Managing the Sustainable Global Enterprise,0.92,"Explores the nature of the challenges and expectations around the role of corporations in society. Covers best management practices for addressing sustainability issues in a global context and how different national rules, norms, and beliefs contribute to shape multinational companies’ ability and willingness to take on the role of positive change agents in society."
AFCS 3120,"Race, Crime, and Justice",0.91,"Provides students with an overview of the role and treatment of racial/ethnic minorities in the criminal justice system. Covers historical and theoretical frameworks for understanding the relationship between race, crime, and criminal justice. In so doing, students become familiar with trends and patterns in criminal offending by racial/ethnic minorities, as well as system response to such behavior."
LDR 6300,Ethical Leadership,0.91,"Considers leadership dilemmas that can arise when the individual’s values conflict with those of the organization, or when a situation requires decisions with conflicting value sets. Students use case studies, their own experiences, and current events to examine actions leaders have taken and consequences faced when confronted with ethical dilemmas. Requires work on a real-life ethical dilemma for understanding in-depth reasoning of the problem and developing an action plan for solving and preventing similar problems at the organizational and societal levels. From these exercises and discussions, students have an opportunity to develop a personal model for ethical leadership."
CHEM 5692,"Carbon Capture, Utilization, and Storage",0.9,"Discusses diverse technological approaches for carbon capture, utilization, and storage, or CCUS. Lectures cover legislative, economic, and societal considerations of realizing CCUS on a large scale. Offers students an opportunity to gain a comprehensive understanding of climate change and decarbonization problems. Students work on a miniproject on the conceptual design and evaluation of a decarbonization approach (of their choice), which can include, e.g., well-established carbon capture technologies, emerging electrochemical or biological methods, industrial energy efficiency, mineralization, carbon dioxide capture in oceans, or reforestation studies. This course is designed to help develop a solid foundation to embark on a career in a sustainability-related business or research institution."
CHME 5692,"Carbon Capture, Utilization, and Storage",0.9,"Discusses diverse technological approaches for carbon capture, utilization, and storage, or CCUS. Lectures cover legislative, economic, and societal considerations of realizing CCUS on a large scale. Offers students an opportunity to gain a comprehensive understanding of climate change and decarbonization problems. Students work on a miniproject on the conceptual design and evaluation of a decarbonization approach (of their choice), which can include, e.g., well-established carbon capture technologies, emerging electrochemical or biological methods, industrial energy efficiency, mineralization, carbon dioxide capture in oceans, or reforestation studies. This course is designed to help develop a solid foundation to embark on a career in a sustainability-related business or research institution."
HUSV 2370,Restorative Justice: Transforming the System,0.9,"Explores the roots of restorative justice and locates contemporary examples of its application in various settings in the United States and the world. Examines its utility in addressing the mass incarceration crisis and the current penal system and mode of punishment in the United States. Students practice and apply critical race and systems theories to use a systems lens to examine the impact of racism, sexism, gender discrimination, and other systems of oppression on behavior and the justice system."
PPUA 5250,Conservation Science and Policy,0.9,"Introduces students to the unprecedented human-driven changes to the environment that have motivated global conservation efforts and the integrated socio-ecological approach that is critical to their success. Examines the intersecting social, ecological, and political dimensions of conservation. Offers students an opportunity to develop skills in interdisciplinary and cross-scale synthesis for creative problem solving."
SCHM 6414,"Sourcing, Procurement, and Negotiations",0.9,"Explores the evolving landscape of strategic sourcing and advanced supplier management processes. Emphasizes cutting-edge technologies, sustainable practices, and ethical considerations. Examines modern strategic sourcing, blending theoretical and conceptual grounding with practical applications. Presents how to integrate sustainability into sourcing practices, focusing on minimizing environmental impact and promoting ethical supply chains. Analyzes supplier management processes including negotiation, contract management, relationship management, innovation sourcing, supplier development, supply risk management, corporate social responsibility, and international supplier considerations. Integrates both theoretical frameworks and practical applications to offer students an opportunity to obtain a deep understanding of how to effectively develop a sourcing strategy and manage suppliers in a dynamic environment."
CIVE 5100,Equity in Engineering,0.89,"Explores how problems that are commonly defined in technical terms can be deeply socially embedded. Using case studies, evaluates how engineering solutions and policies can disproportionately affect people’s exposure to harms. Topics include environmental justice, community-based approaches, and the social environment. Offers students an opportunity to enhance their understanding of potential engineering impacts on communities and improve their ability to work with diverse groups."
PPUA 5254,Sustainability Foundations in Strategy and Policy,0.89,"Presents aspiring sustainability professionals with the frameworks and tools needed to translate sustainability goals into actionable strategies and effective policies. Traces the evolution of sustainable development from its historical foundations to contemporary challenges, exploring how strategic visioning, stakeholder engagement, and policy interventions can drive long-term transformation. Examines critical tensions inherent in sustainability work—including managing trade-offs between natural resource protection and human needs, navigating diverse stakeholder interests, and identifying the funding challenges and opportunities for sustainability priorities. Offers students an opportunity to build analytical and practical skills to design, advocate for, and implement sustainability strategies that bridge vision and reality."
ENVR 5410,Human Behavior and Sustainability,0.88,"Offers a graduate-level introduction to the interdisciplinary field of human behavior and sustainability sciences. Explores an emerging literature embracing the complexity of social-ecological systems to better engage with the processes that reinforce unsustainable pathways and those that might be leveraged toward more sustainable futures. Focuses on understanding how observations about the psychology of individuals and collectives, and their relationship to institutions, have been theorized in relation to the environment and the approaches and methodologies used to test and describe such relationships."
INNO 3309,Funding and Measuring Social Impact,0.88,"Examines the impact finance and impact measurement landscape. Impact-first innovation and entrepreneurship are rapidly growing segments of the global economy. Studies how impact-first solutions to complex social and environmental problems can be enabled by funding instruments from impact investing, philanthropy, and government aid. Introduces the impact finance and impact measurement landscape from the perspective of a founder. Students develop a theory of change, impact measurement framework, funding strategy, and impact narrative for an existing impact project that is ready to scale."
PSYC 5410,Human Behavior and Sustainability,0.88,"Offers a graduate-level introduction to the interdisciplinary field of human behavior and sustainability sciences. Explores an emerging literature embracing the complexity of social-ecological systems to better engage with the processes that reinforce unsustainable pathways and those that might be leveraged toward more sustainable futures. Focuses on understanding how observations about the psychology of individuals and collectives, and their relationship to institutions, have been theorized in relation to the environment and the approaches and methodologies used to test and describe such relationships."
SUST 2510,"China, Globalization, and the Environment",0.88,"Explores the global impacts of China's reemergence as an economic, technological, and political leader. Takes a political ecology approach to examine chains of production and consumption connecting China with the rest of the global economic system. Discusses how global trade affects people and the environment where products are made, how U.S. and global trade policies shape international development, and how consumer choices can have wide-ranging environmental consequences."
ENVR 5610,Technology and the Blue Economy,0.87,"Focuses on emerging technology and the global blue economy that generates trillions of U.S. dollars in economic activity. Introduces key sectors including global shipping, operations of port and harbors, fishing and aquaculture, tourism, ocean monitoring and exploration, finance models, energy, and minerals extraction. Examines challenges to a sustainable and equitable blue economy including global biodiversity loss, marine pollution, decarbonization, access to capital, and national security. Includes virtual field trips to companies and institutions involved in technology and the blue economy."
INNO 6418,Innovation-Driven Strategy,0.86,"Introduces a number of entrepreneurship and innovation topics. Includes innovation and entrepreneurship as a value-creating activity for economies and firms; types of innovation (technological, process, products, business models); fundamentals of product development (design thinking, rapid prototyping, ethnography); startup creation and articulating a value proposition; the role and traits of the entrepreneur; maximizing odds of success and minimizing odds of failure; growing the startup and creating a market; finding or creating the right niche; pivoting and judo strategy; lean startup approach; innovation in established firms and resistance to change; organizational inertia; business model change; and technological discontinuities."
SCHM 6413,Global Supply Chain Management,0.85,"Focuses on the managerial activities of those involved in supply chain management operations and planning for companies involved in international commerce. Analyzes contemporary issues that affect the design of international supply chain systems and strategies, including sourcing, logistics, and transactions. Examines the current status and future prospects of the modes of international logistics operations as well as international trade and development issues."
INMI 3650,Plant Ecology,0.84,"Explores plant form and function, diversity and distribution, abundance and population dynamics, and interactions with individuals of the same or different species, as well their role in ecosystem processes. Views material through an evolutionary lens and at multiple levels of biological organization."
SUST 3100,Thinking in Systems,0.84,"Offers students an opportunity to develop systems thinking skills by examining how economic, social, and environmental systems interconnect in sustainability challenges. Engages students in a real-world project to practice the identification of system boundaries, mapping of interconnections and feedback loops, recognition of archetypes and patterns, location of high-leverage intervention points, and anticipation of unintended consequences."
ITC 6415,"IT Policy, Ethics, and Social Responsibility",0.83,"Delves deep into the ethical dimensions of information technology. Includes aspects of social responsibility in the areas of generative artificial intelligence systems, social and interactive media, and disruptive innovations focusing on their creative capabilities and the implications they pose for society. As these technologies or systems become increasingly sophisticated, questions arise regarding their ethical implications including issues of authorship, intellectual property, cultural appropriation, and the potential disruption of industries. Aims to critically analyze and navigate the ethical challenges, fostering the knowledge and tools to evaluate, respond to, and shape the responsible use of these technologies."
LAW 7703,"Spatial Justice, Legal Ethnography, and the Lawscape",0.83,"Examines the intersections of law, space, and society through the lenses of spatial justice and legal ethnography. Explores foundational and contemporary theories addressing how legal frameworks interact with spatial arrangements, social institutions, and power dynamics. Topics include the socio-spatial dialectic, the ""lawscape,"" intersectionality, reparative spatial futures, and participatory and ethnographic research methods. Incorporates site-based inquiry and socio-legal research practices that connect theoretical frameworks to lived environments. Offers students an opportunity to critically analyze spatial inequities in areas such as housing, environmental justice, and urban governance and to consider how legal systems both shape and respond to spatial injustice. Uses written presentations, oral presentations, and visual forms of analysis to explore the relationship between law and spatial experience."
LW 7703,"Spatial Justice, Legal Ethnography, and the Lawscape",0.83,"Examines the intersections of law, space, and society through the lenses of spatial justice and legal ethnography. Explores foundational and contemporary theories addressing how legal frameworks interact with spatial arrangements, social institutions, and power dynamics. Topics include the socio-spatial dialectic, the ""lawscape,"" intersectionality, reparative spatial futures, and participatory and ethnographic research methods. Incorporates site-based inquiry and socio-legal research practices that connect theoretical frameworks to lived environments. Offers students an opportunity to critically analyze spatial inequities in areas such as housing, environmental justice, and urban governance and to consider how legal systems both shape and respond to spatial injustice. Uses written presentations, oral presentations, and visual forms of analysis to explore the relationship between law and spatial experience."
SUST 3461,Quantitative Conservation Biology,0.83,"Explores the foundational principles of the interdisciplinary field of conservation biology. Focuses on population biology, population genetics, community ecology, biogeography, and animal behavior. Relies on quantitative tools to answer important questions about species persistence in a rapidly changing world. Emphasizes developing and critiquing conservation solutions based on ecology, biology, genetics, and behavior, as well as recognizing differing perspectives and values."
CHEM 6420,Engineering for Chemical Sustainability,0.82,"Discusses the rationale and approaches for integrating sustainability into the design of chemical products and processes. Emphasizes technical and design practice and measuring the impacts of products and processes in business, environmental, and social contexts. Introduces students to methods used in green chemical engineering, particularly as applied to reaction engineering, management of the nitrogen and carbon cycles, and decarbonization."
CHME 6420,Engineering for Chemical Sustainability,0.82,"Discusses the rationale and approaches for integrating sustainability into the design of chemical products and processes. Emphasizes technical and design practice and measuring the impacts of products and processes in business, environmental, and social contexts. Introduces students to methods used in green chemical engineering, particularly as applied to reaction engineering, management of the nitrogen and carbon cycles, and decarbonization."
GE 2750,Enabling Engineering,0.82,"Offers students an opportunity to develop a proposal for a design project that uses engineering technologies to improve the lives of individuals with cognitive or physical disabilities. Offers student project groups an opportunity to work with end users and caregivers at local nursing homes and special education schools to assess a specific need, research potential solutions, and develop a detailed proposal for a project. Project groups are matched with product design mentors who guide groups through the design process. Lectures cover relevant topics, including surveys of specific physical and cognitive disabilities and applicable engineering technologies. The same project may not be used to satisfy both this course and EECE 4790 . May be repeated once."
SUST 2127,Mutual Aid Movements and Community Resilience,0.82,"Examines mutual aid as a framework for community resilience and a tool to develop alternative, sustainable economic systems. Analyzes how communities organize to meet direct needs while building collective power outside traditional institutions. Investigates theoretical foundations distinguishing mutual aid from charity models. Studies organizational structures, challenges of effective mutual aid networks, and intersections with broader social movements. Applies critical frameworks to real-world case studies. Culminates in designing a mutual aid project that addresses community-identified needs with attention to equity and sustainability."
ARTG 3467,Paper Mechanics and Package Design,0.81,"Links paper, widely used in packaging, to work done by designers in systems of production, consumption, waste, and natural ecologies. Examines the ethical, social, and environmental responsibilities in the design of mass-produced objects and the role of paper in sustainability initiatives as a substitute for plastics. Uses design methods for material exploration, prototyping, and evaluation to deliver rich experiences. Offers students an opportunity to learn how to assess the impact of design decisions by following design through the stages of a packaging system: manufacturing, storage, merchandising, use, and product end-of-life."
EEBA 6404,"Key Developments in Environmental, Social, and Governance Investing",0.81,"Offers students a hands-on opportunity to research and compare environmental, social, governance, and non–ESG portfolios while hearing from industry experts along the way. Exposes students to how and why investors engage in ESG investing and how to analyze the performance and risk of such investing. Covers what rating firms are, what global financial resources are committed to ESG investing, the regulatory landscape, and the ongoing challenges that ESG investing poses. Emphasizes the tenets of this type of investing from multiple perspectives, including portfolio managers, institutional investors, retail investors, trade groups, regulators, and political factions."
PHIL 4050,Artificial Intelligence and Society,0.8,Examines the societal impact of artificial intelligence technologies and prominent strategies for aligning these impacts with social and ethical values. Offers multidisciplinary readings to provide conceptual lenses for understanding these technologies in their contexts of use.
EDU 7120,"Collaboration, Leadership, and Change for Social Justice",0.79,Considers how knowledge is produced in the context of historical and contemporary understandings of power and privilege through a rich critique of social structures. Explores change agency and leadership for social justice through ongoing self-reflection and context analysis. Focuses on the collaborative nature of leading change and the relational skills needed for collaborating with stakeholders in transformative research.
ENVR 1401,Lab for ENVR 1400,0.79,Accompanies ENVR 1400 . Offers supervised lab/discussion sessions for students to develop the tools needed to tackle environmental problem solving at the interface of human and natural systems.
HLTH 2300,Introduction to Social Determinants of Health,0.79,"Introduces social and structural conditions as key contributors to people’s physical and mental health. Emphasizes how these social determinants create health inequities, particularly focusing on issues in the destination country. Builds foundational knowledge of major social determinants and the biological mechanisms (e.g., allostatic load, toxic stress) through which they influence health. Highlights applied examples from case studies, site visits, and literature to trace pathways from social conditions to health disparities. Examines how culturally responsive public policies can mitigate inequities and covers evidence synthesis, policy analysis, and brief writing. Responds to the growing need for future health leaders to understand how policies, labor markets, educational systems, and other upstream factors shape population health."
SUST 2200,Quantitative Methods for Sustainability Research,0.79,"Offers students an opportunity to develop quantitative reasoning skills for analyzing sustainability problems. Emphasizes mathematical and statistical approaches to describing change, modeling relationships, and reasoning under uncertainty. Studies how to frame quantitative questions, apply probability and statistical inference, and construct and interpret models to understand economic, social, and environmental dynamics within sustainability contexts."
PHTH 3717,"Infectious Disease: Past, Present, Future",0.78,"Examines the relationship between disease and health inequity. Reviews historical and current patterns in outbreaks, epidemics, and pandemics whose trajectories were shaped not only by viruses and bacteria but also by histories, events, populations, social determinants, inequitable distributions of power, climate change, and social capital. Unpacks how diseases have radically transformed the landscape of how we work and play, driven innovations in vaccine development, and exerted a powerful influence on politics. Discusses how climate change has produced new weather patterns, and how insects as disease vectors have appeared in new areas, putting human populations at increased risk. Offers students an opportunity to build skills and conceptual links between infectious disease and social determinants of health that are critical in averting epidemics."
SLP 6980,Sustainability Transformation Capstone,0.78,"Offers students an opportunity to engage in client-based projects focusing on real-world sustainability challenges. Emphasizes building skills to address sustainability challenges, develop viable solutions using evidence-based methodologies, and combine economic analysis with sustainable practice strategies. Studies how to apply sustainability theory to solve complex organizational and policy problems, as well as exploring sustainability leadership, strategic planning, and stakeholder engagement."
STRT 6422,Strategy for Sustainable Transformation: Leading Organizational Change,0.78,"Examines strategic frameworks for integrating sustainability into organizational strategy and operations. Addresses the business case for sustainability, strategic prioritization of ESG initiatives, and methods for embedding sustainability into organizational culture. Analyzes strategic leadership and change management approaches necessary for executing sustainability transformations, including managing resistance and navigating implementation challenges. Emphasizes systems thinking and strategic diagnosis of organizational readiness through an action learning project with a real organization and a sustainability simulation. Offers students an opportunity to develop strategic visions for sustainable futures using scenario planning and change strategy architecture as they apply strategic concepts to real-world sustainability challenges. Topics include strategic stakeholder mapping, materiality assessment methodologies, scenario planning, strategic visioning, and designing multilevel intervention strategies for sustainable transformation."
ECON 6232,Designing Global Economic and Social Policy,0.77,"Examines economic challenges facing developing nations including poverty, inequality, low productivity, and limited access to human capital. Presents insights into theories like neoclassical growth models and dependency theory on spurring development. Explores policy options to promote growth such as increasing access to safety nets, human capital, and labor force participation. Offers students an opportunity to analyze data; evaluate policies to systematically understand developing world economic issues; and identify evidence-based, sustainable solutions tailored to individual countries’ challenges."
ENVR 5000,Community Stakeholder Engagement in Environmental Management and Research,0.77,"Introduces the history and theories of public participation in environmental policy settings to reflect on what kinds of participatory processes work best, for what purposes, and under which conditions. Environmental problems of the 21st century can be effectively addressed using processes that link sound scientific analysis with effective public deliberation. Applies principles studied to stakeholder and community engagement in science, research, or policy. Covers best practices for administering participatory processes and community engagement for community science, citizen science, or other participatory practices."
PPUA 6232,Designing Global Economic and Social Policy,0.77,"Examines economic challenges facing developing nations including poverty, inequality, low productivity, and limited access to human capital. Presents insights into theories like neoclassical growth models and dependency theory on spurring development. Explores policy options to promote growth such as increasing access to safety nets, human capital, and labor force participation. Offers students an opportunity to analyze data; evaluate policies to systematically understand developing world economic issues; and identify evidence-based, sustainable solutions tailored to individual countries’ challenges."
CRWT 2350,Creative Writing and the Environmental Imagination,0.76,"Offers the developing writer instruction in creative writing focused on climate and the environment. Analyzes literary models in multiple genres, situating examples within theoretical discussions of utopian and dystopian narratives, ethical dilemmas, and the relationship between imaginary and real-world futures. Offers students the opportunity to produce and workshop their own creative writing drafts along with a sustained project in one creative writing genre about an environmental issue of their choice."
INAM 3280,The Arts and Social Change,0.76,"Explores how artists, practitioners, and educators use theatre and the arts to address social and political conflict across diversity of contexts, issues, and locations and within both traditional and nontraditional settings. Examines how the arts have challenged social and political structures and how performance can be used in the community as a tool for social change. Discusses and challenges the role of the arts in society. Explores the work of community-based artists and educators who, within their specific contexts, transform and create new theatre techniques as a way of addressing social change. Offers students an opportunity to work with a local community organization to design a short performance project that addresses a topical issue."
BUSN 6355,Current Developments in the ESG Landscape,0.74,"Presents an overview of current developments in ESG (environmental, social, and governance) issues. Focuses on case studies analyzing how organizations are addressing ESG-related challenges. Offers multiple perspectives including the challenges faced by business leaders, the role of investor action, how civil society can shape the landscape, and the effects of recent regulatory changes."
CIVE 5528,Resilient Structural Infrastructure,0.74,"Challenges from the impact of our changing climate on our infrastructure from two angles: extending the useful life of our existing systems through structural modifications and making forward-thinking structural engineering design decisions. Assesses the performance of the built environment during disasters such as flooding, seismic events, and wind events to reduce recovery effects and costs. Focuses on the structural framework supporting our built environment in addition to considerations for the lifelines keeping our cities operational."
HLTH 2500,Entrepreneurship in Health Sciences,0.73,"Explores in-depth the intersection between entrepreneurship and the health sciences field. Addresses unique opportunities and challenges of starting and managing businesses in the healthcare industry. Covers the fundamental principles of entrepreneurship and applies them specifically to the context of health sciences. Offers students an opportunity to obtain the tools to identify and evaluate innovative healthcare business ideas, develop sustainable business models, and navigate the complex healthcare landscape. Uses case studies to analyze approaches to identify opportunities, develop innovative solutions, and create sustainable businesses that have a positive impact on the health and well-being of individuals and communities."
SCHM 3303,Supply Chain Risk Management,0.73,"Explores the critical realm of mitigating supply chain disruptions within the dynamic landscape of contemporary business. Examines the intricacies of global supply chains, emphasizing real-world scenarios and exploring proactive measures such as diversification, technology integration, and strategic partnerships. Discusses challenges ranging from geopolitical uncertainties to natural disasters. Analyzes risk identification, assessment, and response strategies. Offers students an opportunity to gain practical insights into crisis communication, scenario planning, and the implementation of robust risk mitigation frameworks."
SUST 2100,What Matters and Why: Values-Based Decision Making,0.73,"Explores how values-based thinking can transform our understanding of sustainability. Examines the limitations of traditional metrics of prosperity that often neglect crucial social dimensions of human well-being, and explores alternative frameworks centered on equity and regenerative practices. Cultivates essential interpersonal skills through collaborative dialogue, effective communication practices, and methodologies that center community voices in sustainability decision making."
SUST 2810,Sustainability and Persuasion,0.73,"Presents research and theories on changing individual and institutional behavior related to environmental sustainability and personal well-being. Introduces research on attitude change, attitude-behavior relations, persuasion and compliance principles, and resistance and obstacles to behavior change in both individuals and society. Exposes students to scientific case studies of educational and behavior change programs in sustainability and well-being. Offers students an opportunity to develop programs and campaigns to improve sustainability and well-being."
ARTG 2290,Fashion and Wearable Technologies,0.72,"Introduces key social, environmental, and technical challenges underpinning sustainable innovation in the fashion, wearable technology, and smart textiles industries. Examines inclusive design and circular economy principles and uses them as a framework within which to analyze complex socio-technical networks of production, use and disposal of fashion, wearable technology, and smart textile products, and their impacts on health and wellbeing, society and the planet. Presents the opportunity to gain firsthand experience of the complex nature of today's open, dynamic, and networked problems through a site visit, case studies, and a series of practical activities. Instills understanding of creative intelligence and innovation as a field of practice."
ENVR 1201,Lab for ENVR 1200,0.72,Accompanies ENVR 1200 . Covers exercises pertaining to mineral and rock identification and topographic and geologic map interpretation. Required for environmental geology and geology majors.
INNO 6427,Digital Bias in Business,0.72,"Examines in-depth societal and ethical challenges that companies increasingly encounter when developing and deploying new technologies. Analyzes how firms address such important issues while seeking competitive advantage in the marketplace. Explores unintended consequences resulting from technological advances and evaluates how companies, regulators, and society have responded. Through comprehensive case studies, original research papers, and real-world applications, offers students an opportunity to develop frameworks for addressing contemporary issues related to new technologies."
PPUA 6554,NGO Management and International Development,0.71,"Examines the structures and functions of different types of non-governmental organizations and their growing and changing role in maintaining international peace and security, protecting human rights, and promoting economic development. Delves into thematic questions on NGO strategies, funding, ethical issues, interaction with governments, intended beneficiaries, multinational corporations, and other NGOs. Raises issues relating to human rights, women’s rights, international development, and the external environment."
LAW 4700,Intellectual Property and Social Justice,0.7,"Examines the social justice aspects of different forms of intellectual property. Combines a study of contemporary issues in law and society with appropriate readings that provide theoretical, doctrinal, and social context for the use of and resistance to intellectual property."
LAW 7700,Intellectual Property and Social Justice,0.7,"Examines the social justice aspects of different forms of intellectual property. Combines a study of contemporary issues in law and society with appropriate readings that provide theoretical, doctrinal, and social context for the use of and resistance to intellectual property."
LW 7700,Intellectual Property and Social Justice,0.7,"Examines the social justice aspects of different forms of intellectual property. Combines a study of contemporary issues in law and society with appropriate readings that provide theoretical, doctrinal, and social context for the use of and resistance to intellectual property."
