name,sustainability_papers,themes,profile
Andrew Myers,7,Decarbonization; Future Thinking,https://openalex.org/authors/A5125614983
Aubrey Foulk,4,Biosphere,https://orcid.org/0009-0005-6369-5465
Bishwarup Sarkar,4,Waste,https://openalex.org/authors/A5029190385
Bryan D. James,9,Air and Climate Science; Biosphere; Decarbonization; Waste,https://orcid.org/0000-0002-6104-8310
Camille A. Rumberger,4,Biosphere,https://orcid.org/0009-0005-2235-789X
Dake Xu,11,Biosphere; Sustainable Food Systems; Waste,https://orcid.org/0000-0003-0931-7189
Dalton Kei Sasaki,6,Air and Climate Science; Biosphere; Decarbonization; Future Thinking,https://orcid.org/0000-0002-8006-0200
Damilola Daramola,8,Decarbonization; Local and National Governance; Waste,https://orcid.org/0000-0002-6737-415X
Daniel Schuch,4,Air and Climate Science; Future Thinking,https://orcid.org/0000-0001-5977-4519
Derrick S. Maxwell,4,Decarbonization,https://orcid.org/0000-0002-5034-531X
Dipa Desai,4,Decarbonization,https://orcid.org/0009-0008-7184-1196
Dongchuan You,6,Air and Climate Science; Decarbonization,https://openalex.org/authors/A5000075616
Fuhui Wang,9,Biosphere; Waste,https://openalex.org/authors/A5056793018
Hamed Mohebbi-Kalkhoran,4,Biosphere,https://orcid.org/0000-0001-6370-3684
Hannah J. Appiah-Madson,5,Biosphere; Interpersonal Competency,https://orcid.org/0000-0001-8408-7729
Huidong Dai,6,Decarbonization,https://orcid.org/0000-0001-7328-4786
Jason Guo,4,Decarbonization,https://openalex.org/authors/A5136204244
Jiwei Wang,4,Decarbonization,https://orcid.org/0000-0001-9642-4972
Junho Lee,4,Air and Climate Science,https://orcid.org/0000-0001-8246-3057
Kalaina Thorne,4,Air and Climate Science; Biosphere,https://openalex.org/authors/A5110230452
Katherine Jeanne Vilardi,8,Biosphere; Local and National Governance; Waste,https://orcid.org/0000-0001-8039-1248
Kristin B. Raub,4,Air and Climate Science; Biosphere; Equity; Future Thinking; Interpersonal Competency; Justice,https://orcid.org/0000-0002-7393-2912
Ling Zhu,5,Biosphere,https://openalex.org/authors/A5134389659
Lixin Zhu,9,Biosphere; Waste,https://openalex.org/authors/A5133284627
Louise P. Cameron,4,Air and Climate Science; Biosphere,https://orcid.org/0000-0002-6839-2720
Mansour Toorani,4,Waste,https://openalex.org/authors/A5141002191
Max K. Radermacher,7,Biosphere,https://orcid.org/0009-0005-2035-3393
Miso Kim,4,Air and Climate Science; Biosphere; Equity; Physical Well-being,https://orcid.org/0000-0002-3058-3388
Mohsin Khan,5,Air and Climate Science; Justice; Sustainable Food Systems,https://orcid.org/0000-0002-8923-1336
Purnima R. Makris,5,Biosphere,https://openalex.org/authors/A5079862187
Qiang Sun,6,Decarbonization,https://orcid.org/0000-0002-4589-8040
Qingying Jia,10,Biosphere; Decarbonization,https://orcid.org/0000-0002-4005-8894
Randall Hughes,27,Air and Climate Science; Biosphere; Decarbonization; Interpersonal Competency,https://openalex.org/authors/A5109572509
Sai Geetha Seri,9,Biosphere,https://orcid.org/0000-0002-7408-8418
Sana Heydarian,7,Local and National Governance; Waste,https://orcid.org/0000-0001-5289-0736
Savannah H. Swinea,6,Air and Climate Science; Biosphere,https://orcid.org/0000-0003-3995-9043
Shaohua Luo,5,Decarbonization,https://orcid.org/0000-0002-4517-3728
Tao Yu,4,Decarbonization,https://openalex.org/authors/A5141223045
Tongtai Ji,15,Decarbonization,https://orcid.org/0000-0003-2106-6861
Xin Liu,4,Decarbonization,https://orcid.org/0000-0002-8686-0858
Xin-Yue Zhang,6,Decarbonization; Future Thinking,https://openalex.org/authors/A5128529157
Xinrui Xiang,4,Decarbonization,https://orcid.org/0009-0003-0889-5734
Xuanwen Liu,4,Decarbonization,https://orcid.org/0000-0003-0783-2427
Xuguang Zhang,6,Air and Climate Science; Decarbonization,https://orcid.org/0009-0009-2639-4873
Ying Wang,14,Air and Climate Science; Decarbonization,https://orcid.org/0000-0002-8083-8465
Yongqiang Fan,4,Biosphere; Decarbonization; Waste,https://openalex.org/authors/A5144360545
Yu Zhang,5,Decarbonization; Waste,https://orcid.org/0009-0008-3711-9749
Zhi Wang,5,Decarbonization,https://orcid.org/0000-0003-3440-0435
Zhong Li,5,Biosphere,https://openalex.org/authors/A5134672293
