code,faculty_id
ACCT 2301,faculty:Daniel Sunderland
ACCT 5232,faculty:Timothy Gagnon
ACC 2200,faculty:Francis Melaragni
ACC 4420,faculty:Francis Melaragni
AFAM 2991,faculty:Emily Clough
AFAM 3120,faculty:Patrice Collins
AFRS 1270,faculty:John Olawepo
AFRS 1270,faculty:Richard Wamai
ANTH 1101,faculty:Layla Brown
ANTH 1101,faculty:Claudia Santelices
ANTH 3200,faculty:Berna Turam
ANTH 3410,faculty:Layla Brown
ARCH 2240,faculty:Peter Wiederspahn
ARCH 2340,faculty:Amanda Lawrence
ARCH 2345,faculty:Amanda Lawrence
ARCH 5115,faculty:Sara Carr
ARCH 5120,faculty:David Fannon
ARCH 5210,faculty:David Fannon
ARCH 5211,faculty:David Fannon
ARCH 5220,faculty:Michelle Laboy
ARCH 5310,faculty:Marie Adams
ARCH 5310,faculty:Sara Carr
ARCH 6330,faculty:Xavier Costa
ARTG 2260,faculty:Mark Sivak
ARTG 3250,faculty:Rahul Bhargava
ARTG 3462,faculty:Ann McDonald
ARTG 4550,faculty:Ann McDonald
ARTG 5120,faculty:Katia Zolotovsky
ARTG 6700,faculty:Grisha Coleman
ARTF 2220,faculty:Sarah Kanouse
ARTH 1001,faculty:Maura Coughlin
ARTD 2100,faculty:Sarah Kanouse
ASNS 1150,faculty:Mark Henderson
BIOE 5235,faculty:Mark Niedre
BIOE 5410,faculty:Lee Makowski
BIOE 7000,faculty:Mark Niedre
BIOL 1107,faculty:Ana Otero
BIOL 1111,faculty:Ana Otero
BIOL 1111,faculty:Connie Phong
BIOL 1111,faculty:Mary-Susan Potts-Santone
BIOL 1113,faculty:Ana Otero
BIOL 1113,faculty:Mary-Susan Potts-Santone
BIOL 1141,faculty:Diana Belanger
BIOL 1143,faculty:Diana Belanger
BIOL 1149,faculty:Jonathan Tilly
BIOL 1149,faculty:Dori Woods
BIOL 2221,faculty:Connie Phong
BIOL 2327,faculty:Mary-Susan Potts-Santone
BIOL 2329,faculty:Ana Otero
BIOL 3421,faculty:Yunrong Chai
BIOL 3601,faculty:Gunther Zupanc
BIOL 3603,faculty:Jonathan Tilly
BIOL 3605,faculty:Connie Phong
BIOL 4701,faculty:Yunrong Chai
BIOL 4701,faculty:Dori Woods
BIOL 5301,faculty:Jonathan Tilly
BIO 3100,faculty:Diana Belanger
BUSN 6363,faculty:Luis Dau
CHME 3306,faculty:Ryan Koppes
CHME 4316,faculty:Ryan Koppes
CHME 4510,faculty:Richard West
CHME 4705,faculty:Magda Barecka
CHME 4705,faculty:Courtney Pfluger
CHME 5621,faculty:Joshua Gallaway
CHME 7600,faculty:Benjamin Woolston
CHEM 2321,faculty:Zhenyu Tian
CHEM 2323,faculty:Zhenyu Tian
CHEM 3410,faculty:Zhenyu Tian
CHEM 4750,faculty:Leila Deravi
CHEM 4901,faculty:Leila Deravi
CHEM 5672,faculty:George O'Doherty
CHEM 7750,faculty:Neel Joshi
CIVE 2324,faculty:Mehrdad Sasani
CIVE 2340,faculty:Craig Shillaber
CIVE 4534,faculty:Philip Larese-Casanova
CIVE 4534,faculty:Annalisa Onnis-Hayden
CIVE 5150,faculty:Samuel Munoz
CIVE 5260,faculty:Mark Patterson
CIVE 7250,faculty:Philip Larese-Casanova
CIVE 7260,faculty:Ralph Beighley
CIVE 7282,faculty:Qin Chen
CIVE 7301,faculty:Craig Shillaber
CIVE 7340,faculty:Mehrdad Sasani
CIVE 7351,faculty:Jerome Hajjar
CIVE 7385,faculty:Peter Furth
EEBA 6402,faculty:Mary Lussier
CED 6010,faculty:Nurul Aman
CED 6040,faculty:Nurul Aman
CED 6041,faculty:Nurul Aman
CED 6070,faculty:Nurul Aman
CED 6120,faculty:Youngbok Ryu
CED 6240,faculty:Francis Melaragni
COMM 2200,faculty:Patricia Davis
COMM 2304,faculty:Patricia Davis
COMM 2551,faculty:Ryan Ellis
COMM 3304,faculty:Patricia Davis
COMM 6304,faculty:Patricia Davis
CMN 1100,faculty:Janice Barrett
CMN 1100,faculty:Dawn Mackiewicz
CS 4180,faculty:Robert Platt
CS 4610,faculty:Robert Platt
CS 5003,faculty:Aditya Mishra
CS 5335,faculty:Robert Platt
CS 5600,faculty:Aditya Mishra
CS 8949,faculty:Tommaso Melodia
CS 8949,faculty:Guevara Noubir
CS 8949,faculty:Robert Platt
CS 8949,faculty:William Robertson
CS 8949,faculty:Byron Wallace
CS 8949,faculty:Yanzhi Wang
CSYE 7270,faculty:Nicholas Brown
INNO 2206,faculty:Catherine Gill
INNO 2206,faculty:Nicole James
INNO 2206,faculty:Dennis Shaughnessy
INNO 2301,faculty:Venkat Kuppuswamy
INNO 6217,faculty:Tucker Marion
INNO 6318,faculty:Tucker Marion
INNO 6318,faculty:Jack Salerno
INNO 6318,faculty:Fernando Suarez
CAEP 7741,faculty:Christie Rizzo
CAEP 7742,faculty:Christie Rizzo
CAEP 7744,faculty:Christie Rizzo
CAEP 8553,faculty:Christie Rizzo
CRIM 3120,faculty:Patrice Collins
CRIM 4040,faculty:Brandon Welsh
CY 4740,faculty:William Robertson
CY 6740,faculty:William Robertson
DS 2000,faculty:Byron Wallace
DGM 6322,faculty:Jay Laird
DGM 6403,faculty:Jay Laird
ENVR 1101,faculty:Jonathan Grabowski
ENVR 1101,faculty:Brian Helmuth
ENVR 1110,faculty:Kristina Faul
ENVR 1110,faculty:Mark Henderson
ENVR 1110,faculty:Cristina Schultz
ENVR 1200,faculty:Daniel Douglass
ENVR 2340,faculty:Daniel Douglass
ENVR 2500,faculty:Kathleen Lotterhos
ENVR 3125,faculty:Justin Ries
ENVR 3200,faculty:Peter Dennedy-Frank
ENVR 3200,faculty:Malcolm Hill
ENVR 3540,faculty:John Coley
ENVR 3600,faculty:Mark Patterson
ENVR 3600,faculty:Justin Ries
ENVR 4500,faculty:Malcolm Hill
ENVR 4505,faculty:Benjamin Dittbrenner
ENVR 5150,faculty:Samuel Munoz
ENVR 5201,faculty:Malcolm Hill
ENVR 5750,faculty:Subhrajit Saha
ENVR 6200,faculty:Peter Dennedy-Frank
ENVR 6200,faculty:Malcolm Hill
ENVR 6500,faculty:Kathleen Lotterhos
EEMB 2302,faculty:Stephanie Eby
EEMB 2302,faculty:Rebeca Rosengaus
EEMB 2400,faculty:Tara Duffy
EEMB 2400,faculty:Rebeca Rosengaus
EEMB 2700,faculty:Tara Duffy
EEMB 3460,faculty:Stephanie Eby
EEMB 3466,faculty:David Kimbro
EEMB 3475,faculty:Stephanie Eby
EEMB 3600,faculty:Rebeca Rosengaus
EEMB 3700,faculty:Rebeca Rosengaus
EEMB 5130,faculty:Tarik Gouhier
EEMB 5510,faculty:Tara Duffy
EEMB 5518,faculty:Mark Patterson
EEMB 5540,faculty:Steve Doo
EEMB 6475,faculty:Stephanie Eby
EEMB 7101,faculty:Brian Helmuth
ECON 1115,faculty:Ilter Bakkal
ECON 1116,faculty:Madhavi Venkatesan
ECON 1116,faculty:Gustavo Vicentini
ECON 1240,faculty:Madhavi Venkatesan
ECON 1711,faculty:Madhavi Venkatesan
ECON 2316,faculty:Ilter Bakkal
ECON 2350,faculty:Gustavo Vicentini
ECON 3404,faculty:Aysen Tanyeri-Abur
ECON 3423,faculty:Ilter Bakkal
ECON 3425,faculty:Philip Hanser
ECON 3520,faculty:Ilter Bakkal
ECON 3711,faculty:Madhavi Venkatesan
ECON 4692,faculty:Ilter Bakkal
ECON 4692,faculty:Madhavi Venkatesan
ECON 4692,faculty:Gustavo Vicentini
ECON 5291,faculty:Bilge Erten
ECON 6110,faculty:James Dana
ECNM 1115,faculty:Ilter Bakkal
ECNM 1116,faculty:Madhavi Venkatesan
ECNM 1116,faculty:Gustavo Vicentini
EDU 6222,faculty:Mounira Morris
EDU 6328,faculty:Jennifer Wojcik
EDU 6330,faculty:Jennifer Wojcik
EDU 7294,faculty:Afi Wiggins
EECE 2412,faculty:Marvin Onabajo
EECE 2540,faculty:Stefano Basagni
EECE 5550,faculty:Michael Everett
EECE 5639,faculty:Octavia Camps
EECE 5684,faculty:Bradley Lehman
EECE 7214,faculty:Mario Sznaier
EECE 7352,faculty:David Kaeli
EECE 7352,faculty:Fabrizio Lombardi
EECE 7370,faculty:Octavia Camps
ENSY 5100,faculty:Khosrow Bakhtari
ENSY 5200,faculty:Khosrow Bakhtari
ENSY 5300,faculty:Eugene Smotkin
ENSY 5700,faculty:Sachin Patel
ENGR 9701,faculty:Jerome Hajjar
EMGT 6225,faculty:Babak Heydari
ENGL 2620,faculty:Kathleen Kelly
ENGL 2991,faculty:Emily Clough
ENTR 3306,faculty:Nicole James
ENTR 4510,faculty:Amir Grinstein
ENTR 6214,faculty:Nicole James
ENTR 6250,faculty:Tucker Marion
FIN 4220,faculty:Francis Melaragni
FINA 3303,faculty:David Myers
FINA 3401,faculty:David Myers
GST 6109,faculty:Milica Golubovic
GST 6210,faculty:Edward Murphy
GST 6501,faculty:Tun Lwin
GST 6610,faculty:Darin Detwiler
GST 6610,faculty:Edward Murphy
GST 6740,faculty:Carlos Ponce
GST 6920,faculty:Edward Murphy
HINF 5301,faculty:Stephen Intille
HMG 3225,faculty:Stephen Shore
HSC 1200,faculty:Sandra Sarni-Garlow
HSC 3300,faculty:Stephen Shore
HLTH 5700,faculty:Ariel Beccia
HLTH 7999,faculty:Christie Rizzo
HIST 2991,faculty:Emily Clough
HIST 8410,faculty:Gretchen Heefner
HONR 3309,faculty:Auroop Ganguly
HRMG 6318,faculty:Marla Baskerville
HRM 6010,faculty:Heidi Gregory-Mina
HUSV 2300,faculty:Matthew Lee
IE 3425,faculty:Ibrahim Zeid
IE 3426,faculty:Ibrahim Zeid
IE 7275,faculty:Sagar Kamarthi
IS 4300,faculty:Stephen Intille
ITC 2050,faculty:Jason Black
ITC 3500,faculty:Jason Black
ITC 6040,faculty:Jason Black
INAM 7900,faculty:Dietmar Offenhuber
INSH 7910,faculty:Julia Flanders
INTL 3200,faculty:Berna Turam
INTL 3520,faculty:Bilge Erten
INTL 5100,faculty:Nichola Minott
INTB 4202,faculty:Alvaro Cuervo-Cazurra
INTB 4202,faculty:Elizabeth Moore
INTB 6226,faculty:Helenka Nolan
JRNL 5310,faculty:Joanne Ciccarello
LARC 2440,faculty:Kathryn Kennen
LARC 5120,faculty:David Fannon
LARC 5310,faculty:Marie Adams
LW 7329,faculty:Jamy Madeja
LW 7512,faculty:Wendy Parmet
LW 7514,faculty:Heather Govern
LW 7525,faculty:Dan Danielsen
LW 7634,faculty:Staci Rubin
LW 7664,faculty:Dan Danielsen
LAW 6100,faculty:Richard Daynard
LAW 6101,faculty:Martha Davis
LAW 6101,faculty:Jonathan Kahn
LAW 6103,faculty:Zinaida Miller
LAW 6106,faculty:Jonathan Kahn
LAW 6106,faculty:Wendy Parmet
LAW 7323,faculty:Dan Danielsen
LAW 7329,faculty:Jamy Madeja
LAW 7428,faculty:Melvin Kelley
LAW 7443,faculty:Melinda Drew
LAW 7512,faculty:Wendy Parmet
LAW 7514,faculty:Heather Govern
LAW 7525,faculty:Dan Danielsen
LAW 7634,faculty:Staci Rubin
LAW 7679,faculty:Patricia Williams
LAW 7691,faculty:Ana Rivera
LAW 7937,faculty:Margaret Burnham
LAW 7937,faculty:Dan Danielsen
LAW 7937,faculty:Richard Daynard
LAW 7937,faculty:Zinaida Miller
LAW 7937,faculty:Wendy Parmet
LAW 7937,faculty:Patricia Williams
LAW 7938,faculty:Leo Beletsky
LAW 7938,faculty:Margaret Burnham
LAW 7938,faculty:Martha Davis
LAW 7938,faculty:Wendy Parmet
LPSC 5201,faculty:Michael Gleba
LDR 6101,faculty:Chris Brooks
LDR 6135,faculty:Chris Brooks
LDR 6135,faculty:Robert McGrath
LDR 6135,faculty:Thomas Watson
LING 4991,faculty:Peter Bex
LING 4991,faculty:John Coley
LING 4991,faculty:Charles Hillman
LING 4991,faculty:Susan Whitfield-Gabrieli
MGMT 3350,faculty:Marla Baskerville
MGT 2220,faculty:Eliot Madow
MGT 2220,faculty:Richard Weissman
MGT 2330,faculty:Kevin Daley
MGT 2550,faculty:Carolyn Boviard
MGT 3220,faculty:Richard Weissman
MGT 4210,faculty:Christopher Mellen
MGT 4230,faculty:Carolyn Boviard
MGSC 2301,faculty:Nizar Zaarour
MKTG 2301,faculty:Amir Grinstein
MKTG 4506,faculty:Mary Lussier
MKTG 4512,faculty:Amir Grinstein
MTH 2120,faculty:Barry DeCristofano
ME 2380,faculty:Mohamad Metghalchi
ME 2381,faculty:Mohamad Metghalchi
ME 3455,faculty:Juner Zhu
ME 3475,faculty:Xiaoyu Tang
ME 3475,faculty:Mohammad Taslim
ME 4670,faculty:Yiannis Levendis
ME 5665,faculty:Sandra Shefelbine
ME 5685,faculty:Mohammad Taslim
ME 5690,faculty:Yiannis Levendis
ME 5695,faculty:Mohammad Taslim
ME 7270,faculty:Mohamad Metghalchi
ME 7290,faculty:Hongwei Sun
ME 7300,faculty:Yiannis Levendis
MET 2100,faculty:Barry DeCristofano
MSCI 6900,faculty:Jane Owens
MUSC 2336,faculty:Rebekah Moore
MUSI 3351,faculty:Rebekah Moore
NNMD 5272,faculty:Srinivas Sridhar
NETS 5116,faculty:Albert-Laszlo Barabasi
NETS 7341,faculty:Christoph Riedl
NRSG 6302,faculty:Kisha Thompson
NTR 6150,faculty:Keenan Davis
NTR 6165,faculty:Keenan Davis
NTR 7880,faculty:Christine Clark
ORGB 3201,faculty:Heidi Gregory-Mina
PMST 6250,faculty:Vladimir Torchilin
PMST 6254,faculty:Mansoor Amiji
PHMD 5600,faculty:Benita Bamgbade
PHMD 5600,faculty:Leila Deravi
PHMD 5600,faculty:John Devlin
PHMD 5600,faculty:Jane Owens
PHIL 1101,faculty:Benjamin Yelle
PHIL 1112,faculty:Vance Ricks
PHIL 1115,faculty:Rory Smead
PHIL 1145,faculty:Justin Caouette
PHIL 1145,faculty:Brian Hanley
PHIL 1145,faculty:Meica Magnani
PHIL 1145,faculty:Vance Ricks
PHIL 1145,faculty:Balazs Szelenyi
PHIL 1145,faculty:Benjamin Yelle
PHIL 1180,faculty:Meica Magnani
PHIL 1185,faculty:Benjamin Yelle
PHIL 1195,faculty:Justin Caouette
PHIL 2001,faculty:Rory Smead
PHIL 2143,faculty:Benjamin Yelle
PHIL 2155,faculty:Chad Lee-Stronach
PHIL 2330,faculty:Meica Magnani
PHIL 2991,faculty:Emily Clough
PHIL 3435,faculty:Meica Magnani
PHIL 3435,faculty:Vance Ricks
PHIL 4515,faculty:Rory Smead
PHIL 4535,faculty:Matthew Smith
PHL 2100,faculty:Janice Barrett
PHL 2100,faculty:Kevin Daley
PHL 2100,faculty:Dawn Mackiewicz
PHL 2100,faculty:Christopher Mellen
PHL 2130,faculty:Janice Barrett
PHL 2310,faculty:Dawn Mackiewicz
PHLS 1101,faculty:Benjamin Yelle
PHLS 1145,faculty:Justin Caouette
PHLS 1145,faculty:Brian Hanley
PHLS 1145,faculty:Meica Magnani
PHLS 1145,faculty:Vance Ricks
PHLS 1145,faculty:Balazs Szelenyi
PHLS 1145,faculty:Benjamin Yelle
PT 5229,faculty:Lorna Hayward
PT 5229,faculty:Alexandre Lopes
PT 6512,faculty:Alexandre Lopes
PT 6513,faculty:Alexandre Lopes
PHYS 1145,faculty:Louise Skinnari
PHYS 1147,faculty:Meni Wanunu
PHYS 7322,faculty:Alain Karma
PHYS 7731,faculty:Herbert Levine
PHYS 9984,faculty:Albert-Laszlo Barabasi
PHYS 9984,faculty:Louise Skinnari
POLS 1155,faculty:Emily Clough
POLS 2356,faculty:Emily Clough
POLS 2991,faculty:Emily Clough
POLS 3423,faculty:Max Abrahms
POLS 7341,faculty:Nichola Minott
POLS 7343,faculty:Max Abrahms
POLS 7346,faculty:Nancy Riordan
PJM 6135,faculty:Adel Zadeh
PJM 6185,faculty:Wael Altali
PSYC 4991,faculty:Peter Bex
PSYC 4991,faculty:John Coley
PSYC 4991,faculty:Charles Hillman
PSYC 4991,faculty:Susan Whitfield-Gabrieli
PSYC 5130,faculty:Peter Bex
PSY 4600,faculty:Kristen Lee
PHTH 2350,faculty:Shan Mohammed
PHTH 2350,faculty:Beth Molnar
PHTH 2350,faculty:Claudia Santelices
PHTH 2414,faculty:Jennifer Stowell
PHTH 2414,faculty:Julia Varshavsky
PHTH 5202,faculty:Danielle Crookes
PHTH 5202,faculty:Daniel Kim
PHTH 5210,faculty:Justin Manjourides
PHTH 5230,faculty:Aleksandra Jakubowski
PHTH 5232,faculty:Gary Young
PHTH 6204,faculty:John Olawepo
PHTH 6204,faculty:Herman Saksono
PPUA 5100,faculty:Nichola Minott
PPUA 5201,faculty:Michael Gleba
PPUA 5260,faculty:Madhavi Venkatesan
PPUA 5267,faculty:Laura Kuhl
PPUA 5270,faculty:Christopher Bosso
PPUA 6410,faculty:Moira Zellner
PPUA 6506,faculty:Tracy Corley
SOCL 1101,faculty:Laura Senier
SOCL 1246,faculty:Daniel Faber
SOCL 2991,faculty:Emily Clough
SOCL 4522,faculty:Daniel Faber
SOC 1210,faculty:Balazs Szelenyi
SCLY 1210,faculty:Balazs Szelenyi
SLPA 6307,faculty:Therese Pirozzi
SLPA 6308,faculty:Therese Pirozzi
STRT 4501,faculty:Alvaro Cuervo-Cazurra
STRT 4501,faculty:Elizabeth Moore
SCHM 3301,faculty:Enio Velazco
SCHM 6213,faculty:William Forbes
SCHM 6213,faculty:Robert Murray
SCHM 6214,faculty:Roy Anderson
SCHM 6214,faculty:Robert Murray
SCHM 6215,faculty:Nada Sanders
THTR 1215,faculty:Grisha Coleman
