graph_name,roster_name,match
Ann McDonald,Ann Mcdonald,case-insensitive
Barry DeCristofano,Barry Decristofano,case-insensitive
Christopher MacDonald-Dennis,Christopher Macdonald-Dennis,case-insensitive
Eileen McGivney,Eileen Mcgivney,case-insensitive
Gail Matthews-DeNatale,Gail Matthews-Denatale,case-insensitive
Jacquelyn MacDonald,Jacquelyn Macdonald,case-insensitive
Robert McGrath,Robert Mcgrath,case-insensitive
Sina Fazel-pour,Sina Fazel-Pour,case-insensitive
Aaron Seitz,Aaron Seitz,exact
Abigail Francis,Abigail Francis,exact
Abigail Koppes,Abigail Koppes,exact
Adel Zadeh,Adel Zadeh,exact
Aditya Mishra,Aditya Mishra,exact
Adrianna Crossing,Adrianna Crossing,exact
Afi Wiggins,Afi Wiggins,exact
Ahmed Busnaina,Ahmed Busnaina,exact
Ahmed Huq,Ahmed Huq,exact
Aileen Huang-Saad,Aileen Huang-Saad,exact
Akram Alshawabkeh,Akram Alshawabkeh,exact
Alain Karma,Alain Karma,exact
Albert-Laszlo Barabasi,Albert-Laszlo Barabasi,exact
Aleksandra Jakubowski,Aleksandra Jakubowski,exact
Alessandro Vespignani,Alessandro Vespignani,exact
Alexander Zvonok,Alexander Zvonok,exact
Alexandre Lopes,Alexandre Lopes,exact
Alexandros Makriyannis,Alexandros Makriyannis,exact
Alicia Modestino,Alicia Modestino,exact
Alisa Lincoln,Alisa Lincoln,exact
Allan Barr,Allan Barr,exact
Alvaro Cuervo-Cazurra,Alvaro Cuervo-Cazurra,exact
Amanda Lawrence,Amanda Lawrence,exact
Ambika Bajpayee,Ambika Bajpayee,exact
Amir Grinstein,Amir Grinstein,exact
Amy Lu,Amy Lu,exact
Amy Mueller,Amy Mueller,exact
Ana Otero,Ana Otero,exact
Ana Rivera,Ana Rivera,exact
Annalisa Onnis-Hayden,Annalisa Onnis-Hayden,exact
Anne Hughes,Anne Hughes,exact
Antonio Boyd,Antonio Boyd,exact
Ariel Beccia,Ariel Beccia,exact
Aron Stubbins,Aron Stubbins,exact
Auroop Ganguly,Auroop Ganguly,exact
Aysen Tanyeri-Abur,Aysen Tanyeri-Abur,exact
Babak Heydari,Babak Heydari,exact
Balazs Szelenyi,Balazs Szelenyi,exact
Benita Bamgbade,Benita Bamgbade,exact
Benjamin Dittbrenner,Benjamin Dittbrenner,exact
Benjamin Woolston,Benjamin Woolston,exact
Benjamin Yelle,Benjamin Yelle,exact
Berna Turam,Berna Turam,exact
Beth Molnar,Beth Molnar,exact
Bilge Erten,Bilge Erten,exact
Bradley Lehman,Bradley Lehman,exact
Brandon Welsh,Brandon Welsh,exact
Brian Hanley,Brian Hanley,exact
Brian Helmuth,Brian Helmuth,exact
Brooke Sullivan,Brooke Sullivan,exact
Brooke Weigel,Brooke Weigel,exact
Brooke Welles,Brooke Welles,exact
Byron Wallace,Byron Wallace,exact
Carey Noland,Carey Noland,exact
Carl Zangerl,Carl Zangerl,exact
Carlos Ponce,Carlos Ponce,exact
Carmen Sceppa,Carmen Sceppa,exact
Carolyn Boviard,Carolyn Boviard,exact
Casper Harteveld,Casper Harteveld,exact
Catherine Gill,Catherine Gill,exact
Cecelia Musselman,Cecelia Musselman,exact
Chad Lee-Stronach,Chad Lee-Stronach,exact
Changyan Chen,Changyan Chen,exact
Charles Hillman,Charles Hillman,exact
Cherilyn Ruane,Cherilyn Ruane,exact
Cheryl Arruda,Cheryl Arruda,exact
Chris Brooks,Chris Brooks,exact
Christie Rizzo,Christie Rizzo,exact
Christine Clark,Christine Clark,exact
Christoph Riedl,Christoph Riedl,exact
Christopher Bosso,Christopher Bosso,exact
Christopher Mellen,Christopher Mellen,exact
Christopher Schaffner,Christopher Schaffner,exact
Claudia Santelices,Claudia Santelices,exact
Connie Phong,Connie Phong,exact
Courtney Pfluger,Courtney Pfluger,exact
Craig Ferris,Craig Ferris,exact
Craig Shillaber,Craig Shillaber,exact
Cristina Schultz,Cristina Schultz,exact
Cuneyt Eroglu,Cuneyt Eroglu,exact
Dagmar Sternad,Dagmar Sternad,exact
Dami Ko,Dami Ko,exact
Damon Hall,Damon Hall,exact
Dan Danielsen,Dan Danielsen,exact
Daniel Aldrich,Daniel Aldrich,exact
Daniel Douglass,Daniel Douglass,exact
Daniel Faber,Daniel Faber,exact
Daniel Kim,Daniel Kim,exact
Daniel Sunderland,Daniel Sunderland,exact
Danielle Crookes,Danielle Crookes,exact
Darcelle Lahr,Darcelle Lahr,exact
Darin Detwiler,Darin Detwiler,exact
David Fannon,David Fannon,exact
David Kaeli,David Kaeli,exact
David Kimbro,David Kimbro,exact
David Lazer,David Lazer,exact
David Myers,David Myers,exact
Dawn Mackiewicz,Dawn Mackiewicz,exact
Dennis Shaughnessy,Dennis Shaughnessy,exact
Devesh Tiwari,Devesh Tiwari,exact
Diana Belanger,Diana Belanger,exact
Dietmar Offenhuber,Dietmar Offenhuber,exact
Dinesh John,Dinesh John,exact
Dori Woods,Dori Woods,exact
Eduardo Sontag,Eduardo Sontag,exact
Edward Green,Edward Green,exact
Edward Murphy,Edward Murphy,exact
Eleanor White,Eleanor White,exact
Eliot Madow,Eliot Madow,exact
Elizabeth Moore,Elizabeth Moore,exact
Emily Clough,Emily Clough,exact
Emily Drury,Emily Drury,exact
Enio Velazco,Enio Velazco,exact
Ennio Mingolla,Ennio Mingolla,exact
Eno Ebong,Eno Ebong,exact
Eric Anderson,Eric Anderson,exact
Eric Piza,Eric Piza,exact
Ettore Santi,Ettore Santi,exact
Eugene Smotkin,Eugene Smotkin,exact
Fabrizio Lombardi,Fabrizio Lombardi,exact
Fernando Suarez,Fernando Suarez,exact
Francesca Grippa,Francesca Grippa,exact
Francis Melaragni,Francis Melaragni,exact
Francisco Hung,Francisco Hung,exact
Gabriela Garcia,Gabriela Garcia,exact
Ganesh Thakur,Ganesh Thakur,exact
Gary Young,Gary Young,exact
Geoffrey Trussell,Geoffrey Trussell,exact
George O'Doherty,George O'Doherty,exact
Gilbert Nyaga,Gilbert Nyaga,exact
Gregory Abowd,Gregory Abowd,exact
Gregory Kowalski,Gregory Kowalski,exact
Gretchen Heefner,Gretchen Heefner,exact
Grisha Coleman,Grisha Coleman,exact
Guevara Noubir,Guevara Noubir,exact
Gunther Zupanc,Gunther Zupanc,exact
Gustavo Vicentini,Gustavo Vicentini,exact
Harry Detrich,Harry Detrich,exact
Heather Govern,Heather Govern,exact
Heidi Gregory-Mina,Heidi Gregory-Mina,exact
Helenka Nolan,Helenka Nolan,exact
Henry Lane,Henry Lane,exact
Herbert Levine,Herbert Levine,exact
Herman Saksono,Herman Saksono,exact
Hongli Zhu,Hongli Zhu,exact
Hongwei Sun,Hongwei Sun,exact
Ibrahim Zeid,Ibrahim Zeid,exact
Ilter Bakkal,Ilter Bakkal,exact
Irina Todorova,Irina Todorova,exact
Isabella Sereno,Isabella Sereno,exact
Jack Salerno,Jack Salerno,exact
Jacqueline Isaacs,Jacqueline Isaacs,exact
James Benneyan,James Benneyan,exact
James Dana,James Dana,exact
James Lux,James Lux,exact
Jamy Madeja,Jamy Madeja,exact
Jane Amidon,Jane Amidon,exact
Jane Owens,Jane Owens,exact
Janice Barrett,Janice Barrett,exact
Jason Black,Jason Black,exact
Javad Moulai,Javad Moulai,exact
Jay Laird,Jay Laird,exact
Jennie Stephens,Jennie Stephens,exact
Jennifer Bonin,Jennifer Bonin,exact
Jennifer Bowen,Jennifer Bowen,exact
Jennifer Stowell,Jennifer Stowell,exact
Jennifer Wojcik,Jennifer Wojcik,exact
Jermaine Williams,Jermaine Williams,exact
Jerome Hajjar,Jerome Hajjar,exact
Jessica Brooks,Jessica Brooks,exact
Jie Shen,Jie Shen,exact
Joan Fitzgerald,Joan Fitzgerald,exact
Joanne Ciccarello,Joanne Ciccarello,exact
John Coley,John Coley,exact
John Devlin,John Devlin,exact
John Isom,John Isom,exact
John Kohler,John Kohler,exact
John Olawepo,John Olawepo,exact
John Wihbey,John Wihbey,exact
Jon Wallace,Jon Wallace,exact
Jonathan Bell,Jonathan Bell,exact
Jonathan Grabowski,Jonathan Grabowski,exact
Jonathan Kahn,Jonathan Kahn,exact
Jonathan Tilly,Jonathan Tilly,exact
Joshua Gallaway,Joshua Gallaway,exact
Judith Pare,Judith Pare,exact
Julia Flanders,Julia Flanders,exact
Julia Varshavsky,Julia Varshavsky,exact
Juner Zhu,Juner Zhu,exact
Justin Caouette,Justin Caouette,exact
Justin Manjourides,Justin Manjourides,exact
Justin Ries,Justin Ries,exact
Kara Swanson,Kara Swanson,exact
Karla Damus,Karla Damus,exact
Katherine Hamilton,Katherine Hamilton,exact
Kathleen Kelly,Kathleen Kelly,exact
Kathleen Lotterhos,Kathleen Lotterhos,exact
Kathryn Kennen,Kathryn Kennen,exact
Katia Zolotovsky,Katia Zolotovsky,exact
Kayleigh Ward,Kayleigh Ward,exact
Keenan Davis,Keenan Davis,exact
Kelsey Pieper,Kelsey Pieper,exact
Kevin Chuah,Kevin Chuah,exact
Kevin Daley,Kevin Daley,exact
Khaled Ghannam,Khaled Ghannam,exact
Khosrow Bakhtari,Khosrow Bakhtari,exact
Kimberly Eddleston,Kimberly Eddleston,exact
Kisha Thompson,Kisha Thompson,exact
Koen Pauwels,Koen Pauwels,exact
Kristen Lee,Kristen Lee,exact
Kristian Kloeckl,Kristian Kloeckl,exact
Kristina Faul,Kristina Faul,exact
Kristina Johnson,Kristina Johnson,exact
Laura Kuhl,Laura Kuhl,exact
Laura Lewis,Laura Lewis,exact
Laura Perovich,Laura Perovich,exact
Laura Senier,Laura Senier,exact
Laurel Gabard-Durnam,Laurel Gabard-Durnam,exact
Layla Brown,Layla Brown,exact
Lee Makowski,Lee Makowski,exact
Leila Deravi,Leila Deravi,exact
Leo Beletsky,Leo Beletsky,exact
Lichuan Ye,Lichuan Ye,exact
Linda Blum,Linda Blum,exact
Lisa Barrett,Lisa Barrett,exact
Loretta Fernandez,Loretta Fernandez,exact
Lori Chekal,Lori Chekal,exact
Lori Gardinier,Lori Gardinier,exact
Lorna Hayward,Lorna Hayward,exact
Louis Green,Louis Green,exact
Louise Skinnari,Louise Skinnari,exact
Luis Dau,Luis Dau,exact
Madhavi Venkatesan,Madhavi Venkatesan,exact
Magda Barecka,Magda Barecka,exact
Malcolm Hill,Malcolm Hill,exact
Mansoor Amiji,Mansoor Amiji,exact
Marc Meyer,Marc Meyer,exact
Marcella Heineke,Marcella Heineke,exact
Margaret Burnham,Margaret Burnham,exact
Maria Ivanova,Maria Ivanova,exact
Marie Adams,Marie Adams,exact
Mario Sznaier,Mario Sznaier,exact
Mark Henderson,Mark Henderson,exact
Mark Niedre,Mark Niedre,exact
Mark Patterson,Mark Patterson,exact
Mark Sivak,Mark Sivak,exact
Marla Baskerville,Marla Baskerville,exact
Martha Davis,Martha Davis,exact
Marvin Onabajo,Marvin Onabajo,exact
Mary Lussier,Mary Lussier,exact
Mary-Susan Potts-Santone,Mary-Susan Potts-Santone,exact
Matteo Rinaldi,Matteo Rinaldi,exact
Matthew Eckelman,Matthew Eckelman,exact
Matthew Lee,Matthew Lee,exact
Matthew Smith,Matthew Smith,exact
Maura Coughlin,Maura Coughlin,exact
Max Abrahms,Max Abrahms,exact
Mehdi Behroozi,Mehdi Behroozi,exact
Mehrdad Sasani,Mehrdad Sasani,exact
Meica Magnani,Meica Magnani,exact
Melinda Drew,Melinda Drew,exact
Melinda Fowler,Melinda Fowler,exact
Melvin Kelley,Melvin Kelley,exact
Meni Wanunu,Meni Wanunu,exact
Michael Everett,Michael Everett,exact
Michael Gleba,Michael Gleba,exact
Michael Kane,Michael Kane,exact
Michael Power,Michael Power,exact
Michail Sitkovsky,Michail Sitkovsky,exact
Michelle Laboy,Michelle Laboy,exact
Mikhail Oet,Mikhail Oet,exact
Milica Golubovic,Milica Golubovic,exact
Milica Stojanovic,Milica Stojanovic,exact
Miriam Leeser,Miriam Leeser,exact
Mohamad Metghalchi,Mohamad Metghalchi,exact
Mohammad Taslim,Mohammad Taslim,exact
Moira Zellner,Moira Zellner,exact
Mounira Morris,Mounira Morris,exact
Nada Sanders,Nada Sanders,exact
Nancy Riordan,Nancy Riordan,exact
Nathan Post,Nathan Post,exact
Neel Joshi,Neel Joshi,exact
Nichola Minott,Nichola Minott,exact
Nicholas Brown,Nicholas Brown,exact
Nicole Boyson,Nicole Boyson,exact
Nicole James,Nicole James,exact
Nizar Zaarour,Nizar Zaarour,exact
Noradeen Farlekas,Noradeen Farlekas,exact
Nurul Aman,Nurul Aman,exact
Octavia Camps,Octavia Camps,exact
Olga Vitek,Olga Vitek,exact
Ozlem Ergun,Ozlem Ergun,exact
Patrice Collins,Patrice Collins,exact
Patricia Case,Patricia Case,exact
Patricia Davis,Patricia Davis,exact
Patricia Illingworth,Patricia Illingworth,exact
Patricia Mason,Patricia Mason,exact
Patricia Williams,Patricia Williams,exact
Pau Closas,Pau Closas,exact
Penny Beuning,Penny Beuning,exact
Peter Bex,Peter Bex,exact
Peter Dennedy-Frank,Peter Dennedy-Frank,exact
Peter Furth,Peter Furth,exact
Peter Wiederspahn,Peter Wiederspahn,exact
Philip Hanser,Philip Hanser,exact
Philip Larese-Casanova,Philip Larese-Casanova,exact
Qi Wang,Qi Wang,exact
Qin Chen,Qin Chen,exact
Rachel Freed,Rachel Freed,exact
Rachel Jones,Rachel Jones,exact
Rachel Rodgers,Rachel Rodgers,exact
Rae Andre,Rae Andre,exact
Rahul Bhargava,Rahul Bhargava,exact
Ralph Beighley,Ralph Beighley,exact
Ravi Sundaram,Ravi Sundaram,exact
Ravinder Dahiya,Ravinder Dahiya,exact
Rebeca Rosengaus,Rebeca Rosengaus,exact
Rebecca Berkey,Rebecca Berkey,exact
Rebecca Willits,Rebecca Willits,exact
Rebekah Moore,Rebekah Moore,exact
Richard Daynard,Richard Daynard,exact
Richard O'Bryant,Richard O'Bryant,exact
Richard Wamai,Richard Wamai,exact
Richard Weissman,Richard Weissman,exact
Richard West,Richard West,exact
Robert Murray,Robert Murray,exact
Robert Platt,Robert Platt,exact
Robin Codding,Robin Codding,exact
Ronald Whitfield,Ronald Whitfield,exact
Rory Smead,Rory Smead,exact
Roy Anderson,Roy Anderson,exact
Rupal Patel,Rupal Patel,exact
Ruth Aguilera,Ruth Aguilera,exact
Ryan Ellis,Ryan Ellis,exact
Ryan Koppes,Ryan Koppes,exact
Ryan Wang,Ryan Wang,exact
Sachin Patel,Sachin Patel,exact
Sagar Kamarthi,Sagar Kamarthi,exact
Saiph Savage,Saiph Savage,exact
Samuel Munoz,Samuel Munoz,exact
Samuel Williams,Samuel Williams,exact
Sandra Sarni-Garlow,Sandra Sarni-Garlow,exact
Sandra Shefelbine,Sandra Shefelbine,exact
Sanjeev Mukerjee,Sanjeev Mukerjee,exact
Santina Mangiafico,Santina Mangiafico,exact
Sara Carr,Sara Carr,exact
Sara Wadia-Fascetti,Sara Wadia-Fascetti,exact
Sara Wylie,Sara Wylie,exact
Sarah Kanouse,Sarah Kanouse,exact
Sarah Smith,Sarah Smith,exact
Sarah Sweeney,Sarah Sweeney,exact
Serena Alexander,Serena Alexander,exact
Shahin Shahrampour,Shahin Shahrampour,exact
Shan Mohammed,Shan Mohammed,exact
Shang Liu,Shang Liu,exact
Sharmila Murthy,Sharmila Murthy,exact
Sheila Puffer,Sheila Puffer,exact
Slava Epstein,Slava Epstein,exact
Srinivas Sridhar,Srinivas Sridhar,exact
Srinivas Tadigadapa,Srinivas Tadigadapa,exact
Sriramasundararajan Rajagopalan,Sriramasundararajan Rajagopalan,exact
Staci Rubin,Staci Rubin,exact
Stefano Basagni,Stefano Basagni,exact
Stephanie Eby,Stephanie Eby,exact
Stephanie Pollack,Stephanie Pollack,exact
Stephen Flynn,Stephen Flynn,exact
Stephen Intille,Stephen Intille,exact
Stephen Shore,Stephen Shore,exact
Steve Doo,Steve Doo,exact
Subhrajit Saha,Subhrajit Saha,exact
Susan Whitfield-Gabrieli,Susan Whitfield-Gabrieli,exact
Sushant Kumar,Sushant Kumar,exact
T Dagi,T Dagi,exact
Tamara Jimah,Tamara Jimah,exact
Tara Duffy,Tara Duffy,exact
Tarik Gouhier,Tarik Gouhier,exact
Taskin Padir,Taskin Padir,exact
Tatjana Kobb,Tatjana Kobb,exact
Therese Pirozzi,Therese Pirozzi,exact
Thomas Sheahan,Thomas Sheahan,exact
Thomas Watson,Thomas Watson,exact
Timothy Gagnon,Timothy Gagnon,exact
Timothy Hoff,Timothy Hoff,exact
Timothy Morris,Timothy Morris,exact
Tommaso Melodia,Tommaso Melodia,exact
Tracy Corley,Tracy Corley,exact
Trenton Honda,Trenton Honda,exact
Tucker Marion,Tucker Marion,exact
Tun Lwin,Tun Lwin,exact
Uchenna Ndulue,Uchenna Ndulue,exact
Valentina Marano,Valentina Marano,exact
Vance Ricks,Vance Ricks,exact
Venkat Kuppuswamy,Venkat Kuppuswamy,exact
Vladimir Torchilin,Vladimir Torchilin,exact
Wael Altali,Wael Altali,exact
Wendy Parmet,Wendy Parmet,exact
William Forbes,William Forbes,exact
William Robertson,William Robertson,exact
William Woo,William Woo,exact
Xavier Costa,Xavier Costa,exact
Xia Xiao,Xia Xiao,exact
Xiaoyu Tang,Xiaoyu Tang,exact
Yakov Bart,Yakov Bart,exact
Yang Zhang,Yang Zhang,exact
Yanzhi Wang,Yanzhi Wang,exact
Yi Zheng,Yi Zheng,exact
Yiannis Levendis,Yiannis Levendis,exact
Youngbok Ryu,Youngbok Ryu,exact
Yu Miao,Yu Miao,exact
Yunrong Chai,Yunrong Chai,exact
Yunsi Fei,Yunsi Fei,exact
Zhenyu Tian,Zhenyu Tian,exact
Zinaida Miller,Zinaida Miller,exact
